{"cameraMode":{"drawMode":0,"name":"Shaded","section":"Shading Mode"},"sceneLighting":true,"audioPlay":false,"sceneViewState":{"showFog":true,"showMaterialUpdate":false,"showSkybox":true,"showFlares":true,"showImageEffects":true,"showParticleSystems":true},"in2DMode":false,"pivot":{"x":-4.449999809265137,"y":0.5,"z":-2.9629995822906496},"rotation":{"x":0.18225757777690888,"y":0.020639000460505487,"z":-0.0038276598788797857,"w":0.9830267429351807},"size":40.010372161865237,"orthographic":false}