{"cameraMode":{"drawMode":0,"name":"Shaded","section":"Shading Mode"},"sceneLighting":false,"audioPlay":false,"sceneViewState":{"showFog":true,"showMaterialUpdate":false,"showSkybox":true,"showFlares":true,"showImageEffects":true,"showParticleSystems":true},"in2DMode":false,"pivot":{"x":-1.2403440475463868,"y":-0.09858148545026779,"z":0.16510933637619019},"rotation":{"x":0.03937460482120514,"y":0.9239969849586487,"z":-0.09907164424657822,"w":0.3672383427619934},"size":0.8715769648551941,"orthographic":false}