{"cameraMode":{"drawMode":0,"name":"Shaded","section":"Shading Mode"},"sceneLighting":false,"audioPlay":false,"sceneViewState":{"showFog":true,"showMaterialUpdate":false,"showSkybox":true,"showFlares":true,"showImageEffects":true,"showParticleSystems":true},"in2DMode":false,"pivot":{"x":-2.6600000858306886,"y":0.0,"z":-3.4100000858306886},"rotation":{"x":0.7056296467781067,"y":0.002119609387591481,"z":-0.0021125071216374637,"w":0.7085745930671692},"size":0.9705600738525391,"orthographic":false}