{"cameraMode":{"drawMode":0,"name":"Shaded","section":"Shading Mode"},"sceneLighting":false,"audioPlay":false,"sceneViewState":{"showFog":true,"showMaterialUpdate":false,"showSkybox":true,"showFlares":true,"showImageEffects":true,"showParticleSystems":true},"in2DMode":false,"pivot":{"x":-0.02908015251159668,"y":0.0,"z":0.02208194136619568},"rotation":{"x":0.7109131217002869,"y":-0.004224731586873531,"z":0.0042692264541983608,"w":0.703254222869873},"size":1.718706488609314,"orthographic":false}